,0
0,Power Failure
1,Power Failure
2,Power Failure
3,Power Failure
4,Power Failure
5,Power Failure
6,Power Failure
7,Power Failure
8,Power Failure
9,Power Failure
10,Power Failure
11,Power Failure
12,Power Failure
13,Power Failure
14,Power Failure
15,Power Failure
16,Power Failure
17,Power Failure
18,Power Failure
19,Power Failure
20,Power Failure
21,Power Failure
22,Power Failure
23,Power Failure
24,Power Failure
25,Power Failure
26,Power Failure
27,Power Failure
28,Power Failure
29,Power Failure
30,Power Failure
31,Power Failure
32,Power Failure
33,Power Failure
34,Power Failure
35,Power Failure
36,Power Failure
37,Power Failure
38,Power Failure
39,Power Failure
40,Power Failure
41,Power Failure
42,Power Failure
43,Power Failure
44,Power Failure
45,Power Failure
46,Power Failure
47,Power Failure
48,Power Failure
49,Power Failure
50,Power Failure
51,Power Failure
52,Power Failure
53,Power Failure
54,Power Failure
55,Power Failure
56,Power Failure
57,Power Failure
58,Power Failure
59,Power Failure
60,Power Failure
61,Power Failure
62,Power Failure
63,Power Failure
64,Power Failure
65,Power Failure
66,Power Failure
67,Power Failure
68,Power Failure
69,Power Failure
70,Power Failure
71,Power Failure
72,Power Failure
73,Power Failure
74,Power Failure
75,Power Failure
76,Power Failure
77,Power Failure
78,Power Failure
79,Power Failure
80,Power Failure
81,Power Failure
82,Power Failure
83,Power Failure
84,Power Failure
85,Power Failure
86,Power Failure
87,Power Failure
88,Power Failure
89,Power Failure
90,Power Failure
91,Power Failure
92,Power Failure
93,Power Failure
94,Power Failure
95,Power Failure
96,Power Failure
97,Power Failure
98,Power Failure
99,Power Failure
100,Power Failure
101,Power Failure
102,Power Failure
103,Power Failure
104,Power Failure
105,Power Failure
106,Power Failure
107,Power Failure
108,Power Failure
109,Power Failure
110,Power Failure
111,Power Failure
112,Power Failure
113,Power Failure
114,Power Failure
115,Power Failure
116,Power Failure
117,Power Failure
118,Power Failure
119,Power Failure
120,Power Failure
121,Power Failure
122,Power Failure
123,Power Failure
124,Power Failure
125,Power Failure
126,Power Failure
127,Power Failure
128,Power Failure
129,Power Failure
130,Power Failure
131,Power Failure
132,Power Failure
133,Power Failure
134,Power Failure
135,Power Failure
136,Power Failure
137,Power Failure
138,Power Failure
139,Power Failure
140,Power Failure
141,Power Failure
142,Power Failure
143,Power Failure
144,Power Failure
145,Power Failure
146,Power Failure
147,Power Failure
148,Power Failure
149,Power Failure
150,Power Failure
151,Power Failure
152,Power Failure
153,Power Failure
154,Power Failure
155,Power Failure
156,Power Failure
157,Power Failure
158,Power Failure
159,Power Failure
160,Power Failure
161,Power Failure
162,Power Failure
163,Power Failure
164,Power Failure
165,Power Failure
166,Power Failure
167,Power Failure
168,Power Failure
169,Power Failure
170,Power Failure
171,Power Failure
172,Power Failure
173,Power Failure
174,Power Failure
175,Power Failure
176,Power Failure
177,Power Failure
178,Power Failure
179,Power Failure
180,Power Failure
181,Power Failure
182,Power Failure
183,Power Failure
184,Power Failure
185,Power Failure
186,Power Failure
187,Power Failure
188,Power Failure
189,Power Failure
190,Power Failure
191,Power Failure
192,Power Failure
193,Power Failure
194,Power Failure
195,Power Failure
196,Power Failure
197,Power Failure
198,Power Failure
199,Power Failure
200,Power Failure
201,Power Failure
202,Power Failure
203,Power Failure
204,Power Failure
205,Power Failure
206,Power Failure
207,Power Failure
208,Power Failure
209,Power Failure
210,Power Failure
211,Power Failure
212,Power Failure
213,Power Failure
214,Power Failure
215,Power Failure
216,Power Failure
217,Power Failure
218,Power Failure
219,Power Failure
220,Power Failure
221,Power Failure
222,Power Failure
223,Power Failure
224,Power Failure
225,Power Failure
226,Power Failure
227,Power Failure
228,Power Failure
229,Power Failure
230,Power Failure
231,Power Failure
232,Power Failure
233,Power Failure
234,Power Failure
235,Power Failure
236,Power Failure
237,Power Failure
238,Power Failure
239,Power Failure
240,Power Failure
241,Power Failure
242,Power Failure
243,Power Failure
244,Power Failure
245,Power Failure
246,Power Failure
247,Power Failure
248,Power Failure
249,Power Failure
250,Power Failure
251,Power Failure
252,Power Failure
253,Power Failure
254,Power Failure
255,Power Failure
256,Power Failure
257,Power Failure
258,Power Failure
259,Power Failure
260,Power Failure
261,Power Failure
262,Power Failure
263,Power Failure
264,Power Failure
265,Power Failure
266,Power Failure
267,Power Failure
268,Power Failure
269,Power Failure
270,Power Failure
271,Power Failure
272,Power Failure
273,Power Failure
274,Power Failure
275,Power Failure
276,Power Failure
277,Power Failure
278,Power Failure
279,Power Failure
280,Power Failure
281,Power Failure
282,Power Failure
283,Power Failure
284,Power Failure
285,Power Failure
286,Power Failure
287,Power Failure
288,Power Failure
289,Power Failure
290,Power Failure
291,Power Failure
292,Power Failure
293,Power Failure
294,Power Failure
295,Power Failure
296,Power Failure
297,Power Failure
298,Power Failure
299,Power Failure
300,Power Failure
301,Power Failure
302,Power Failure
303,Power Failure
304,Power Failure
305,Power Failure
306,Power Failure
307,Power Failure
308,Power Failure
309,Power Failure
310,Power Failure
311,Power Failure
312,Power Failure
313,Power Failure
314,Power Failure
315,Power Failure
316,Power Failure
317,Power Failure
318,Power Failure
319,Power Failure
320,Power Failure
321,Power Failure
322,Power Failure
323,Power Failure
324,Power Failure
325,Power Failure
326,Power Failure
327,Power Failure
328,Power Failure
329,Power Failure
330,Power Failure
331,Power Failure
332,Power Failure
333,Power Failure
334,Power Failure
335,Power Failure
336,Power Failure
337,Power Failure
338,Power Failure
339,Power Failure
340,Power Failure
341,Power Failure
342,Power Failure
343,Power Failure
344,Power Failure
345,Power Failure
346,Power Failure
347,Power Failure
348,Power Failure
349,Power Failure
350,Power Failure
351,Power Failure
352,Power Failure
353,Power Failure
354,Power Failure
355,Power Failure
356,Power Failure
357,Power Failure
358,Power Failure
359,Power Failure
360,Power Failure
361,Power Failure
362,Power Failure
363,Power Failure
364,Power Failure
365,Power Failure
366,Power Failure
367,Power Failure
368,Power Failure
369,Power Failure
370,Power Failure
371,Power Failure
372,Power Failure
373,Power Failure
374,Power Failure
375,Power Failure
376,Power Failure
377,Power Failure
378,Power Failure
379,Power Failure
380,Power Failure
381,Power Failure
382,Power Failure
383,Power Failure
384,Power Failure
385,Power Failure
386,Power Failure
387,Power Failure
388,Power Failure
389,Power Failure
390,Power Failure
391,Power Failure
392,Power Failure
393,Power Failure
394,Power Failure
395,Power Failure
396,Power Failure
397,Power Failure
398,Power Failure
399,Power Failure
400,Power Failure
401,Power Failure
402,Power Failure
403,Power Failure
404,Power Failure
405,Power Failure
406,Power Failure
407,Power Failure
408,Power Failure
409,Power Failure
410,Power Failure
411,Power Failure
412,Power Failure
413,Power Failure
414,Power Failure
415,Power Failure
416,Power Failure
417,Power Failure
418,Power Failure
419,Power Failure
420,Power Failure
421,Power Failure
422,Power Failure
423,Power Failure
424,Power Failure
425,Power Failure
426,Power Failure
427,Power Failure
428,Power Failure
429,Power Failure
430,Power Failure
431,Power Failure
432,Power Failure
433,Power Failure
434,Power Failure
435,Power Failure
436,Power Failure
437,Power Failure
438,Power Failure
439,Power Failure
440,Power Failure
441,Power Failure
442,Power Failure
443,Power Failure
444,Power Failure
445,Power Failure
446,Power Failure
447,Power Failure
448,Power Failure
449,Power Failure
450,Power Failure
451,Power Failure
452,Power Failure
453,Power Failure
454,Power Failure
455,Power Failure
456,Power Failure
457,Power Failure
458,Power Failure
459,Power Failure
460,Power Failure
461,Power Failure
462,Power Failure
463,Power Failure
464,Power Failure
465,Power Failure
466,Power Failure
467,Power Failure
468,Power Failure
469,Power Failure
470,Power Failure
471,Power Failure
472,Power Failure
473,Power Failure
474,Power Failure
475,Power Failure
476,Power Failure
477,Power Failure
478,Power Failure
479,Power Failure
480,Power Failure
481,Power Failure
482,Power Failure
483,Power Failure
484,Power Failure
485,Power Failure
486,Power Failure
487,Power Failure
488,Power Failure
489,Power Failure
490,Power Failure
491,Power Failure
492,Power Failure
493,Power Failure
494,Power Failure
495,Power Failure
496,Power Failure
497,Power Failure
498,Power Failure
499,Power Failure
500,Power Failure
501,Power Failure
502,Power Failure
503,Power Failure
504,Power Failure
505,Power Failure
506,Power Failure
507,Power Failure
508,Power Failure
509,Power Failure
510,Power Failure
511,Power Failure
512,Power Failure
513,Power Failure
514,Power Failure
515,Power Failure
516,Power Failure
517,Power Failure
518,Power Failure
519,Power Failure
520,Power Failure
521,Power Failure
522,Power Failure
523,Power Failure
524,Power Failure
525,Power Failure
526,Power Failure
527,Power Failure
528,Power Failure
529,Power Failure
530,Power Failure
531,Power Failure
532,Power Failure
533,Power Failure
534,Power Failure
535,Power Failure
536,Power Failure
537,Power Failure
538,Power Failure
539,Power Failure
540,Power Failure
541,Power Failure
542,Power Failure
543,Power Failure
544,Power Failure
545,Power Failure
546,Power Failure
547,Power Failure
548,Power Failure
549,Power Failure
550,Power Failure
551,Power Failure
552,Power Failure
553,Power Failure
554,Power Failure
555,Power Failure
556,Power Failure
557,Power Failure
558,Power Failure
559,Power Failure
560,Power Failure
561,Power Failure
562,Power Failure
563,Power Failure
564,Power Failure
565,Power Failure
566,Power Failure
567,Power Failure
568,Power Failure
569,Power Failure
570,Power Failure
571,Power Failure
572,Power Failure
573,Power Failure
574,Power Failure
575,Power Failure
576,Power Failure
577,Power Failure
578,Power Failure
579,Power Failure
580,Power Failure
581,Power Failure
582,Power Failure
583,Power Failure
584,Power Failure
585,Power Failure
586,Power Failure
587,Power Failure
588,Power Failure
589,Power Failure
590,Power Failure
591,Power Failure
592,Power Failure
593,Power Failure
594,Power Failure
595,Power Failure
596,Power Failure
597,Power Failure
598,Power Failure
599,Power Failure
600,Power Failure
601,Power Failure
602,Power Failure
603,Power Failure
604,Power Failure
605,Power Failure
606,Power Failure
607,Power Failure
608,Power Failure
609,Power Failure
610,Power Failure
611,Power Failure
612,Power Failure
613,Power Failure
614,Power Failure
615,Power Failure
616,Power Failure
617,Power Failure
618,Power Failure
619,Power Failure
620,Power Failure
621,Power Failure
622,Power Failure
623,Power Failure
624,Power Failure
625,Power Failure
626,Power Failure
627,Power Failure
628,Power Failure
629,Power Failure
630,Power Failure
631,Power Failure
632,Power Failure
633,Power Failure
634,Power Failure
635,Power Failure
636,Power Failure
637,Power Failure
638,Power Failure
639,Power Failure
640,Power Failure
641,Power Failure
642,Power Failure
643,Power Failure
644,Power Failure
645,Power Failure
646,Power Failure
647,Power Failure
648,Power Failure
649,Power Failure
650,Power Failure
651,Power Failure
652,Power Failure
653,Power Failure
654,Power Failure
655,Power Failure
656,Power Failure
657,Power Failure
658,Power Failure
659,Power Failure
660,Power Failure
661,Power Failure
662,Power Failure
663,Power Failure
664,Power Failure
665,Power Failure
666,Power Failure
667,Power Failure
668,Power Failure
669,Power Failure
670,Power Failure
671,Power Failure
672,Power Failure
673,Power Failure
674,Power Failure
675,Power Failure
676,Power Failure
677,Power Failure
678,Power Failure
679,Power Failure
680,Power Failure
681,Power Failure
682,Power Failure
683,Power Failure
684,Power Failure
685,Power Failure
686,Power Failure
687,Power Failure
688,Power Failure
689,Power Failure
690,Power Failure
691,Power Failure
692,Power Failure
693,Power Failure
694,Power Failure
695,Power Failure
696,Power Failure
697,Power Failure
698,Power Failure
699,Power Failure
700,Power Failure
701,Power Failure
702,Power Failure
703,Power Failure
704,Power Failure
705,Power Failure
706,Power Failure
707,Power Failure
708,Power Failure
709,Power Failure
710,Power Failure
711,Power Failure
712,Power Failure
713,Power Failure
714,Power Failure
715,Power Failure
716,Power Failure
717,Power Failure
718,Power Failure
719,Power Failure
720,Power Failure
721,Power Failure
722,Power Failure
723,Power Failure
724,Power Failure
725,Power Failure
726,Power Failure
727,Power Failure
728,Power Failure
729,Power Failure
730,Power Failure
731,Power Failure
732,Power Failure
733,Power Failure
734,Power Failure
735,Power Failure
736,Power Failure
737,Power Failure
738,Power Failure
739,Power Failure
740,Power Failure
741,Power Failure
742,Power Failure
743,Power Failure
744,Power Failure
745,Power Failure
746,Power Failure
747,Power Failure
748,Power Failure
749,Power Failure
750,Power Failure
751,Power Failure
752,Power Failure
753,Power Failure
754,Power Failure
755,Power Failure
756,Power Failure
757,Power Failure
758,Power Failure
759,Power Failure
760,Power Failure
761,Power Failure
762,Power Failure
763,Power Failure
764,Power Failure
765,Power Failure
766,Power Failure
767,Power Failure
768,Power Failure
769,Power Failure
770,Power Failure
771,Power Failure
772,Power Failure
773,Power Failure
774,Power Failure
775,Power Failure
776,Power Failure
777,Power Failure
778,Power Failure
779,Power Failure
780,Power Failure
781,Power Failure
782,Power Failure
783,Power Failure
784,Power Failure
785,Power Failure
786,Power Failure
787,Power Failure
788,Power Failure
789,Power Failure
790,Power Failure
791,Power Failure
792,Power Failure
793,Power Failure
794,Power Failure
795,Power Failure
796,Power Failure
797,Power Failure
798,Power Failure
799,Power Failure
800,Power Failure
801,Power Failure
802,Power Failure
803,Power Failure
804,Power Failure
805,Power Failure
806,Power Failure
807,Power Failure
808,Power Failure
809,Power Failure
810,Power Failure
811,Power Failure
812,Power Failure
813,Power Failure
814,Power Failure
815,Power Failure
816,Power Failure
817,Power Failure
818,Power Failure
819,Power Failure
820,Power Failure
821,Power Failure
822,Power Failure
823,Power Failure
824,Power Failure
825,Power Failure
826,Power Failure
827,Power Failure
828,Power Failure
829,Power Failure
830,Power Failure
831,Power Failure
832,Power Failure
833,Power Failure
834,Power Failure
835,Power Failure
836,Power Failure
837,Power Failure
838,Power Failure
839,Power Failure
840,Power Failure
841,Power Failure
842,Power Failure
843,Power Failure
844,Power Failure
845,Power Failure
846,Power Failure
847,Power Failure
848,Power Failure
849,Power Failure
850,Power Failure
851,Power Failure
852,Power Failure
853,Power Failure
854,Power Failure
855,Power Failure
856,Power Failure
857,Power Failure
858,Power Failure
859,Power Failure
860,Power Failure
861,Power Failure
862,Power Failure
863,Power Failure
864,Power Failure
865,Power Failure
866,Power Failure
867,Power Failure
868,Power Failure
869,Power Failure
870,Power Failure
871,Power Failure
872,Power Failure
873,Power Failure
874,Power Failure
875,Power Failure
876,Power Failure
877,Power Failure
878,Power Failure
879,Power Failure
880,Power Failure
881,Power Failure
882,Power Failure
883,Power Failure
884,Power Failure
885,Power Failure
886,Power Failure
887,Power Failure
888,Power Failure
889,Power Failure
890,Power Failure
891,Power Failure
892,Power Failure
893,Power Failure
894,Power Failure
895,Power Failure
896,Power Failure
897,Power Failure
898,Power Failure
899,Power Failure
900,Power Failure
901,Power Failure
902,Power Failure
903,Power Failure
904,Power Failure
905,Power Failure
906,Power Failure
907,Power Failure
908,Power Failure
909,Power Failure
910,Power Failure
911,Power Failure
912,Power Failure
913,Power Failure
914,Power Failure
915,Power Failure
916,Power Failure
917,Power Failure
918,Power Failure
919,Power Failure
920,Power Failure
921,Power Failure
922,Power Failure
923,Power Failure
924,Power Failure
925,Power Failure
926,Power Failure
927,Power Failure
928,Power Failure
929,Power Failure
930,Power Failure
931,Power Failure
932,Power Failure
933,Power Failure
934,Power Failure
935,Power Failure
936,Power Failure
937,Power Failure
938,Power Failure
939,Power Failure
940,Power Failure
941,Power Failure
942,Power Failure
943,Power Failure
944,Power Failure
945,Power Failure
946,Power Failure
947,Power Failure
948,Power Failure
949,Power Failure
950,Power Failure
951,Power Failure
952,Power Failure
953,Power Failure
954,Power Failure
955,Power Failure
956,Power Failure
957,Power Failure
958,Power Failure
959,Power Failure
960,Power Failure
961,Power Failure
962,Power Failure
963,Power Failure
964,Power Failure
965,Power Failure
966,Power Failure
967,Power Failure
968,Power Failure
969,Power Failure
970,Power Failure
971,Power Failure
972,Power Failure
973,Power Failure
974,Power Failure
975,Power Failure
976,Power Failure
977,Power Failure
978,Power Failure
979,Power Failure
980,Power Failure
981,Power Failure
982,Power Failure
983,Power Failure
984,Power Failure
985,Power Failure
986,Power Failure
987,Power Failure
988,Power Failure
989,Power Failure
990,Power Failure
991,Power Failure
992,Power Failure
993,Power Failure
994,Power Failure
995,Power Failure
996,Power Failure
997,Power Failure
998,Power Failure
999,Power Failure
1000,Power Failure
1001,Power Failure
1002,Power Failure
1003,Power Failure
1004,Power Failure
1005,Power Failure
1006,Power Failure
1007,Power Failure
1008,Power Failure
1009,Power Failure
1010,Power Failure
1011,Power Failure
1012,Power Failure
1013,Power Failure
1014,Power Failure
1015,Power Failure
1016,Power Failure
1017,Power Failure
1018,Power Failure
1019,Power Failure
1020,Power Failure
1021,Power Failure
1022,Power Failure
1023,Power Failure
1024,Power Failure
1025,Power Failure
1026,Power Failure
1027,Power Failure
1028,Power Failure
1029,Power Failure
1030,Power Failure
1031,Power Failure
1032,Power Failure
1033,Power Failure
1034,Power Failure
1035,Power Failure
1036,Power Failure
1037,Power Failure
1038,Power Failure
1039,Power Failure
1040,Power Failure
1041,Power Failure
1042,Power Failure
1043,Power Failure
1044,Power Failure
1045,Power Failure
1046,Power Failure
1047,Power Failure
1048,Power Failure
1049,Power Failure
1050,Power Failure
1051,Power Failure
1052,Power Failure
1053,Power Failure
1054,Power Failure
1055,Power Failure
1056,Power Failure
1057,Power Failure
1058,Power Failure
1059,Power Failure
1060,Power Failure
1061,Power Failure
1062,Power Failure
1063,Power Failure
1064,Power Failure
1065,Power Failure
1066,Power Failure
1067,Power Failure
1068,Power Failure
1069,Power Failure
1070,Power Failure
1071,Power Failure
1072,Power Failure
1073,Power Failure
1074,Power Failure
1075,Power Failure
1076,Power Failure
1077,Power Failure
1078,Power Failure
1079,Power Failure
1080,Power Failure
1081,Power Failure
1082,Power Failure
1083,Power Failure
1084,Power Failure
1085,Power Failure
1086,Power Failure
1087,Power Failure
1088,Power Failure
1089,Power Failure
1090,Power Failure
1091,Power Failure
1092,Power Failure
1093,Power Failure
1094,Power Failure
1095,Power Failure
1096,Power Failure
1097,Power Failure
1098,Power Failure
1099,Power Failure
1100,Power Failure
1101,Power Failure
1102,Power Failure
1103,Power Failure
1104,Power Failure
1105,Power Failure
1106,Power Failure
1107,Power Failure
1108,Power Failure
1109,Power Failure
1110,Power Failure
1111,Power Failure
1112,Power Failure
1113,Power Failure
1114,Power Failure
1115,Power Failure
1116,Power Failure
1117,Power Failure
1118,Power Failure
1119,Power Failure
1120,Power Failure
1121,Power Failure
1122,Power Failure
1123,Power Failure
1124,Power Failure
1125,Power Failure
1126,Power Failure
1127,Power Failure
1128,Power Failure
1129,Power Failure
1130,Power Failure
1131,Power Failure
1132,Power Failure
1133,Power Failure
1134,Power Failure
1135,Power Failure
1136,Power Failure
1137,Power Failure
1138,Power Failure
1139,Power Failure
1140,Power Failure
1141,Power Failure
1142,Power Failure
1143,Power Failure
1144,Power Failure
1145,Power Failure
1146,Power Failure
1147,Power Failure
1148,Power Failure
1149,Power Failure
1150,Power Failure
1151,Power Failure
1152,Power Failure
1153,Power Failure
1154,Power Failure
1155,Power Failure
1156,Power Failure
1157,Power Failure
1158,Power Failure
1159,Power Failure
1160,Power Failure
1161,Power Failure
1162,Power Failure
1163,Power Failure
1164,Power Failure
1165,Power Failure
1166,Power Failure
1167,Power Failure
1168,Power Failure
1169,Power Failure
1170,Power Failure
1171,Power Failure
1172,Power Failure
1173,Power Failure
1174,Power Failure
1175,Power Failure
1176,Power Failure
1177,Power Failure
1178,Power Failure
1179,Power Failure
1180,Power Failure
1181,Power Failure
1182,Power Failure
1183,Power Failure
1184,Power Failure
1185,Power Failure
1186,Power Failure
1187,Power Failure
1188,Power Failure
1189,Power Failure
1190,Power Failure
1191,Power Failure
1192,Power Failure
1193,Power Failure
1194,Power Failure
1195,Power Failure
1196,Power Failure
1197,Power Failure
1198,Power Failure
1199,Power Failure
1200,Power Failure
1201,Power Failure
1202,Power Failure
1203,Power Failure
1204,Power Failure
1205,Power Failure
1206,Power Failure
1207,Power Failure
1208,Power Failure
1209,Power Failure
1210,Power Failure
1211,Power Failure
1212,Power Failure
1213,Power Failure
1214,Power Failure
1215,Power Failure
1216,Power Failure
1217,Power Failure
1218,Power Failure
1219,Power Failure
1220,Power Failure
1221,Power Failure
1222,Power Failure
1223,Power Failure
1224,Power Failure
1225,Power Failure
1226,Power Failure
1227,Power Failure
1228,Power Failure
1229,Power Failure
1230,Power Failure
1231,Power Failure
1232,Power Failure
1233,Power Failure
1234,Power Failure
1235,Power Failure
1236,Power Failure
1237,Power Failure
1238,Power Failure
1239,Power Failure
1240,Power Failure
1241,Power Failure
1242,Power Failure
1243,Power Failure
1244,Power Failure
1245,Power Failure
1246,Power Failure
1247,Power Failure
1248,Power Failure
1249,Power Failure
1250,Power Failure
1251,Power Failure
1252,Power Failure
1253,Power Failure
1254,Power Failure
1255,Power Failure
1256,Power Failure
1257,Power Failure
1258,Power Failure
1259,Power Failure
1260,Power Failure
1261,Power Failure
1262,Power Failure
1263,Power Failure
1264,Power Failure
1265,Power Failure
1266,Power Failure
1267,Power Failure
1268,Power Failure
1269,Power Failure
1270,Power Failure
1271,Power Failure
1272,Power Failure
1273,Power Failure
1274,Power Failure
1275,Power Failure
1276,Power Failure
1277,Power Failure
1278,Power Failure
1279,Power Failure
1280,Power Failure
1281,Power Failure
1282,Power Failure
1283,Power Failure
1284,Power Failure
1285,Power Failure
1286,Power Failure
1287,Power Failure
1288,Power Failure
1289,Power Failure
1290,Power Failure
1291,Power Failure
1292,Power Failure
1293,Power Failure
1294,Power Failure
1295,Power Failure
1296,Power Failure
1297,Power Failure
1298,Power Failure
1299,Power Failure
1300,Power Failure
1301,Power Failure
1302,Power Failure
1303,Power Failure
1304,Power Failure
1305,Power Failure
1306,Power Failure
1307,Power Failure
1308,Power Failure
1309,Power Failure
1310,Power Failure
1311,Power Failure
1312,Power Failure
1313,Power Failure
1314,Power Failure
1315,Power Failure
1316,Power Failure
1317,Power Failure
1318,Power Failure
1319,Power Failure
1320,Power Failure
1321,Power Failure
1322,Power Failure
1323,Power Failure
1324,Power Failure
1325,Power Failure
1326,Power Failure
1327,Power Failure
1328,Power Failure
1329,Power Failure
1330,Power Failure
1331,Power Failure
1332,Power Failure
1333,Power Failure
1334,Power Failure
1335,Power Failure
1336,Power Failure
1337,Power Failure
1338,Power Failure
1339,Power Failure
1340,Power Failure
1341,Power Failure
1342,Power Failure
1343,Power Failure
1344,Power Failure
1345,Power Failure
1346,Power Failure
1347,Power Failure
1348,Power Failure
1349,Power Failure
1350,Power Failure
1351,Power Failure
1352,Power Failure
1353,Power Failure
1354,Power Failure
1355,Power Failure
1356,Power Failure
1357,Power Failure
1358,Power Failure
1359,Power Failure
1360,Power Failure
1361,Power Failure
1362,Power Failure
1363,Power Failure
1364,Power Failure
1365,Power Failure
1366,Power Failure
1367,Power Failure
1368,Power Failure
1369,Power Failure
1370,Power Failure
1371,Power Failure
1372,Power Failure
1373,Power Failure
1374,Power Failure
1375,Power Failure
1376,Power Failure
1377,Power Failure
1378,Power Failure
1379,Power Failure
1380,Power Failure
1381,Power Failure
1382,Power Failure
1383,Power Failure
1384,Power Failure
1385,Power Failure
1386,Power Failure
1387,Power Failure
1388,Power Failure
1389,Power Failure
1390,Power Failure
1391,Power Failure
1392,Power Failure
1393,Power Failure
1394,Power Failure
1395,Power Failure
1396,Power Failure
1397,Power Failure
1398,Power Failure
1399,Power Failure
1400,Power Failure
1401,Power Failure
1402,Power Failure
1403,Power Failure
1404,Power Failure
1405,Power Failure
1406,Power Failure
1407,Power Failure
1408,Power Failure
1409,Power Failure
1410,Power Failure
1411,Power Failure
1412,Power Failure
1413,Power Failure
1414,Power Failure
1415,Power Failure
1416,Power Failure
1417,Power Failure
1418,Power Failure
1419,Power Failure
1420,Power Failure
1421,Power Failure
1422,Power Failure
1423,Power Failure
1424,Power Failure
1425,Power Failure
1426,Power Failure
1427,Power Failure
1428,Power Failure
1429,Power Failure
1430,Power Failure
1431,Power Failure
1432,Power Failure
1433,Power Failure
1434,Power Failure
1435,Power Failure
1436,Power Failure
1437,Power Failure
1438,Power Failure
1439,Power Failure
1440,Power Failure
1441,Power Failure
1442,Power Failure
1443,Power Failure
1444,Power Failure
1445,Power Failure
1446,Power Failure
1447,Power Failure
1448,Power Failure
1449,Power Failure
1450,Power Failure
1451,Power Failure
1452,Power Failure
1453,Power Failure
1454,Power Failure
1455,Power Failure
1456,Power Failure
1457,Power Failure
1458,Power Failure
1459,Power Failure
1460,Power Failure
1461,Power Failure
1462,Power Failure
1463,Power Failure
1464,Power Failure
1465,Power Failure
1466,Power Failure
1467,Power Failure
1468,Power Failure
1469,Power Failure
1470,Power Failure
1471,Power Failure
1472,Power Failure
1473,Power Failure
1474,Power Failure
1475,Power Failure
1476,Power Failure
1477,Power Failure
1478,Power Failure
1479,Power Failure
1480,Power Failure
1481,Power Failure
1482,Power Failure
1483,Power Failure
1484,Power Failure
1485,Power Failure
1486,Power Failure
1487,Power Failure
1488,Power Failure
1489,Power Failure
1490,Power Failure
1491,Power Failure
1492,Power Failure
1493,Power Failure
1494,Power Failure
1495,Power Failure
1496,Power Failure
1497,Power Failure
1498,Power Failure
1499,Power Failure
1500,Power Failure
1501,Power Failure
1502,Power Failure
1503,Power Failure
1504,Power Failure
1505,Power Failure
1506,Power Failure
1507,Power Failure
1508,Power Failure
1509,Power Failure
1510,Power Failure
1511,Power Failure
1512,Power Failure
1513,Power Failure
1514,Power Failure
1515,Power Failure
1516,Power Failure
1517,Power Failure
1518,Power Failure
1519,Power Failure
1520,Power Failure
1521,Power Failure
1522,Power Failure
1523,Power Failure
1524,Power Failure
1525,Power Failure
1526,Power Failure
1527,Power Failure
1528,Power Failure
1529,Power Failure
1530,Power Failure
1531,Power Failure
1532,Power Failure
1533,Power Failure
1534,Power Failure
1535,Power Failure
1536,Power Failure
1537,Power Failure
1538,Power Failure
1539,Power Failure
1540,Power Failure
1541,Power Failure
1542,Power Failure
1543,Power Failure
1544,Power Failure
1545,Power Failure
1546,Power Failure
1547,Power Failure
1548,Power Failure
1549,Power Failure
1550,Power Failure
1551,Power Failure
1552,Power Failure
1553,Power Failure
1554,Power Failure
1555,Power Failure
1556,Power Failure
1557,Power Failure
1558,Power Failure
1559,Power Failure
1560,Power Failure
1561,Power Failure
1562,Power Failure
1563,Power Failure
1564,Power Failure
1565,Power Failure
1566,Power Failure
1567,Power Failure
1568,Power Failure
1569,Power Failure
1570,Power Failure
1571,Power Failure
1572,Power Failure
1573,Power Failure
1574,Power Failure
1575,Power Failure
1576,Power Failure
1577,Power Failure
1578,Power Failure
1579,Power Failure
1580,Power Failure
1581,Power Failure
1582,Power Failure
1583,Power Failure
1584,Power Failure
1585,Power Failure
1586,Power Failure
1587,Power Failure
1588,Power Failure
1589,Power Failure
1590,Power Failure
1591,Power Failure
1592,Power Failure
1593,Power Failure
1594,Power Failure
1595,Power Failure
1596,Power Failure
1597,Power Failure
1598,Power Failure
1599,Power Failure
1600,Power Failure
1601,Power Failure
1602,Power Failure
1603,Power Failure
1604,Power Failure
1605,Power Failure
1606,Power Failure
1607,Power Failure
1608,Power Failure
1609,Power Failure
1610,Power Failure
1611,Power Failure
1612,Power Failure
1613,Power Failure
1614,Power Failure
1615,Power Failure
1616,Power Failure
1617,Power Failure
1618,Power Failure
1619,Power Failure
1620,Power Failure
1621,Power Failure
1622,Power Failure
1623,Power Failure
1624,Power Failure
1625,Power Failure
1626,Power Failure
1627,Power Failure
1628,Power Failure
1629,Power Failure
1630,Power Failure
1631,Power Failure
1632,Power Failure
1633,Power Failure
1634,Power Failure
1635,Power Failure
1636,Power Failure
1637,Power Failure
1638,Power Failure
1639,Power Failure
1640,Power Failure
1641,Power Failure
1642,Power Failure
1643,Power Failure
1644,Power Failure
1645,Power Failure
1646,Power Failure
1647,Power Failure
1648,Power Failure
1649,Power Failure
1650,Power Failure
1651,Power Failure
1652,Power Failure
1653,Power Failure
1654,Power Failure
1655,Power Failure
1656,Power Failure
1657,Power Failure
1658,Power Failure
1659,Power Failure
1660,Power Failure
1661,Power Failure
1662,Power Failure
1663,Power Failure
1664,Power Failure
1665,Power Failure
1666,Power Failure
1667,Power Failure
1668,Power Failure
1669,Power Failure
1670,Power Failure
1671,Power Failure
1672,Power Failure
1673,Power Failure
1674,Power Failure
1675,Power Failure
1676,Power Failure
1677,Power Failure
1678,Power Failure
1679,Power Failure
1680,Power Failure
1681,Power Failure
1682,Power Failure
1683,Power Failure
1684,Power Failure
1685,Power Failure
1686,Power Failure
1687,Power Failure
1688,Power Failure
1689,Power Failure
1690,Power Failure
1691,Power Failure
1692,Power Failure
1693,Power Failure
1694,Power Failure
1695,Power Failure
1696,Power Failure
1697,Power Failure
1698,Power Failure
1699,Power Failure
1700,Power Failure
1701,Power Failure
1702,Power Failure
1703,Power Failure
1704,Power Failure
1705,Power Failure
1706,Power Failure
1707,Power Failure
1708,Power Failure
1709,Power Failure
1710,Power Failure
1711,Power Failure
1712,Power Failure
1713,Power Failure
1714,Power Failure
1715,Power Failure
1716,Power Failure
1717,Power Failure
1718,Power Failure
1719,Power Failure
1720,Power Failure
1721,Power Failure
1722,Power Failure
1723,Power Failure
1724,Power Failure
1725,Power Failure
1726,Power Failure
1727,Power Failure
1728,Power Failure
1729,Power Failure
1730,Power Failure
1731,Power Failure
1732,Power Failure
1733,Power Failure
1734,Power Failure
1735,Power Failure
1736,Power Failure
1737,Power Failure
1738,Power Failure
1739,Power Failure
1740,Power Failure
1741,Power Failure
1742,Power Failure
1743,Power Failure
1744,Power Failure
1745,Power Failure
1746,Power Failure
1747,Power Failure
1748,Power Failure
1749,Power Failure
1750,Power Failure
1751,Power Failure
1752,Power Failure
1753,Power Failure
1754,Power Failure
1755,Power Failure
1756,Power Failure
1757,Power Failure
1758,Power Failure
1759,Power Failure
1760,Power Failure
1761,Power Failure
1762,Power Failure
1763,Power Failure
1764,Power Failure
1765,Power Failure
1766,Power Failure
1767,Power Failure
1768,Power Failure
1769,Power Failure
1770,Power Failure
1771,Power Failure
1772,Power Failure
1773,Power Failure
1774,Power Failure
1775,Power Failure
1776,Power Failure
1777,Power Failure
1778,Power Failure
1779,Power Failure
1780,Power Failure
1781,Power Failure
1782,Power Failure
1783,Power Failure
1784,Power Failure
1785,Power Failure
1786,Power Failure
1787,Power Failure
1788,Power Failure
1789,Power Failure
1790,Power Failure
1791,Power Failure
1792,Power Failure
1793,Power Failure
1794,Power Failure
1795,Power Failure
1796,Power Failure
1797,Power Failure
1798,Power Failure
1799,Power Failure
1800,Power Failure
1801,Power Failure
1802,Power Failure
1803,Power Failure
1804,Power Failure
1805,Power Failure
1806,Power Failure
1807,Power Failure
1808,Power Failure
1809,Power Failure
1810,Power Failure
1811,Power Failure
1812,Power Failure
1813,Power Failure
1814,Power Failure
1815,Power Failure
1816,Power Failure
1817,Power Failure
1818,Power Failure
1819,Power Failure
1820,Power Failure
1821,Power Failure
1822,Power Failure
1823,Power Failure
1824,Power Failure
1825,Power Failure
1826,Power Failure
1827,Power Failure
1828,Power Failure
1829,Power Failure
1830,Power Failure
1831,Power Failure
1832,Power Failure
1833,Power Failure
1834,Power Failure
1835,Power Failure
1836,Power Failure
1837,Power Failure
1838,Power Failure
1839,Power Failure
1840,Power Failure
1841,Power Failure
1842,Power Failure
1843,Power Failure
1844,Power Failure
1845,Power Failure
1846,Power Failure
1847,Power Failure
1848,Power Failure
1849,Power Failure
1850,Power Failure
1851,Power Failure
1852,Power Failure
1853,Power Failure
1854,Power Failure
1855,Power Failure
1856,Power Failure
1857,Power Failure
1858,Power Failure
1859,Power Failure
1860,Power Failure
1861,Power Failure
1862,Power Failure
1863,Power Failure
1864,Power Failure
1865,Power Failure
1866,Power Failure
1867,Power Failure
1868,Power Failure
1869,Power Failure
1870,Power Failure
1871,Power Failure
1872,Power Failure
1873,Power Failure
1874,Power Failure
1875,Power Failure
1876,Power Failure
1877,Power Failure
1878,Power Failure
1879,Power Failure
1880,Power Failure
1881,Power Failure
1882,Power Failure
1883,Power Failure
1884,Power Failure
1885,Power Failure
1886,Power Failure
1887,Power Failure
1888,Power Failure
1889,Power Failure
1890,Power Failure
1891,Power Failure
1892,Power Failure
1893,Power Failure
1894,Power Failure
1895,Power Failure
1896,Power Failure
1897,Power Failure
1898,Power Failure
1899,Power Failure
1900,Power Failure
1901,Power Failure
1902,Power Failure
1903,Power Failure
1904,Power Failure
1905,Power Failure
1906,Power Failure
1907,Power Failure
1908,Power Failure
1909,Power Failure
1910,Power Failure
1911,Power Failure
1912,Power Failure
1913,Power Failure
1914,Power Failure
1915,Power Failure
1916,Power Failure
1917,Power Failure
1918,Power Failure
1919,Power Failure
1920,Power Failure
1921,Power Failure
1922,Power Failure
1923,Power Failure
1924,Power Failure
1925,Power Failure
1926,Power Failure
1927,Power Failure
1928,Power Failure
1929,Power Failure
1930,Power Failure
1931,Power Failure
1932,Power Failure
1933,Power Failure
1934,Power Failure
1935,Power Failure
1936,Power Failure
1937,Power Failure
1938,Power Failure
1939,Power Failure
1940,Power Failure
1941,Power Failure
1942,Power Failure
1943,Power Failure
1944,Power Failure
1945,Power Failure
1946,Power Failure
1947,Power Failure
1948,Power Failure
1949,Power Failure
1950,Power Failure
1951,Power Failure
1952,Power Failure
1953,Power Failure
1954,Power Failure
1955,Power Failure
1956,Power Failure
1957,Power Failure
1958,Power Failure
1959,Power Failure
1960,Power Failure
1961,Power Failure
1962,Power Failure
1963,Power Failure
1964,Power Failure
1965,Power Failure
1966,Power Failure
1967,Power Failure
1968,Power Failure
1969,Power Failure
1970,Power Failure
1971,Power Failure
1972,Power Failure
1973,Power Failure
1974,Power Failure
1975,Power Failure
1976,Power Failure
1977,Power Failure
1978,Power Failure
1979,Power Failure
1980,Power Failure
1981,Power Failure
1982,Power Failure
1983,Power Failure
1984,Power Failure
1985,Power Failure
1986,Power Failure
1987,Power Failure
1988,Power Failure
1989,Power Failure
1990,Power Failure
1991,Power Failure
1992,Power Failure
1993,Power Failure
1994,Power Failure
1995,Power Failure
1996,Power Failure
1997,Power Failure
1998,Power Failure
1999,Power Failure
2000,Power Failure
2001,Power Failure
2002,Power Failure
2003,Power Failure
2004,Power Failure
2005,Power Failure
2006,Power Failure
2007,Power Failure
2008,Power Failure
2009,Power Failure
2010,Power Failure
2011,Power Failure
2012,Power Failure
2013,Power Failure
2014,Power Failure
2015,Power Failure
2016,Power Failure
2017,Power Failure
2018,Power Failure
2019,Power Failure
2020,Power Failure
2021,Power Failure
2022,Power Failure
2023,Power Failure
2024,Power Failure
2025,Power Failure
2026,Power Failure
2027,Power Failure
2028,Power Failure
2029,Power Failure
2030,Power Failure
2031,Power Failure
2032,Power Failure
2033,Power Failure
2034,Power Failure
2035,Power Failure
2036,Power Failure
2037,Power Failure
2038,Power Failure
2039,Power Failure
2040,Power Failure
2041,Power Failure
2042,Power Failure
2043,Power Failure
2044,Power Failure
2045,Power Failure
2046,Power Failure
2047,Power Failure
2048,Power Failure
2049,Power Failure
2050,Power Failure
2051,Power Failure
2052,Power Failure
2053,Power Failure
2054,Power Failure
2055,Power Failure
2056,Power Failure
2057,Power Failure
2058,Power Failure
2059,Power Failure
2060,Power Failure
2061,Power Failure
2062,Power Failure
2063,Power Failure
2064,Power Failure
2065,Power Failure
2066,Power Failure
2067,Power Failure
2068,Power Failure
2069,Power Failure
2070,Power Failure
2071,Power Failure
2072,Power Failure
2073,Power Failure
2074,Power Failure
2075,Power Failure
2076,Power Failure
2077,Power Failure
2078,Power Failure
2079,Power Failure
2080,Power Failure
2081,Power Failure
2082,Power Failure
2083,Power Failure
2084,Power Failure
2085,Power Failure
2086,Power Failure
2087,Power Failure
2088,Power Failure
2089,Power Failure
2090,Power Failure
2091,Power Failure
2092,Power Failure
2093,Power Failure
2094,Power Failure
2095,Power Failure
2096,Power Failure
2097,Power Failure
2098,Power Failure
2099,Power Failure
2100,Power Failure
2101,Power Failure
2102,Power Failure
2103,Power Failure
2104,Power Failure
2105,Power Failure
2106,Power Failure
2107,Power Failure
2108,Power Failure
2109,Power Failure
2110,Power Failure
2111,Power Failure
2112,Power Failure
2113,Power Failure
2114,Power Failure
2115,Power Failure
2116,Power Failure
2117,Power Failure
2118,Power Failure
2119,Power Failure
2120,Power Failure
2121,Power Failure
2122,Power Failure
2123,Power Failure
2124,Power Failure
2125,Power Failure
2126,Power Failure
2127,Power Failure
2128,Power Failure
2129,Power Failure
2130,Power Failure
2131,Power Failure
2132,Power Failure
2133,Power Failure
2134,Power Failure
2135,Power Failure
2136,Power Failure
2137,Power Failure
2138,Power Failure
2139,Power Failure
2140,Power Failure
2141,Power Failure
2142,Power Failure
2143,Power Failure
2144,Power Failure
2145,Power Failure
2146,Power Failure
2147,Power Failure
2148,Power Failure
2149,Power Failure
2150,Power Failure
2151,Power Failure
2152,Power Failure
2153,Power Failure
2154,Power Failure
2155,Power Failure
2156,Power Failure
2157,Power Failure
2158,Power Failure
2159,Power Failure
2160,Power Failure
2161,Power Failure
2162,Power Failure
2163,Power Failure
2164,Power Failure
2165,Power Failure
2166,Power Failure
2167,Power Failure
2168,Power Failure
2169,Power Failure
2170,Power Failure
2171,Power Failure
2172,Power Failure
2173,Power Failure
2174,Power Failure
2175,Power Failure
2176,Power Failure
2177,Power Failure
2178,Power Failure
2179,Power Failure
2180,Power Failure
2181,Power Failure
2182,Power Failure
2183,Power Failure
2184,Power Failure
2185,Power Failure
2186,Power Failure
2187,Power Failure
2188,Power Failure
2189,Power Failure
2190,Power Failure
2191,Power Failure
2192,Power Failure
2193,Power Failure
2194,Power Failure
2195,Power Failure
2196,Power Failure
2197,Power Failure
2198,Power Failure
2199,Power Failure
2200,Power Failure
2201,Power Failure
2202,Power Failure
2203,Power Failure
2204,Power Failure
2205,Power Failure
2206,Power Failure
2207,Power Failure
2208,Power Failure
2209,Power Failure
2210,Power Failure
2211,Power Failure
2212,Power Failure
2213,Power Failure
2214,Power Failure
2215,Power Failure
2216,Power Failure
2217,Power Failure
2218,Power Failure
2219,Power Failure
2220,Power Failure
2221,Power Failure
2222,Power Failure
2223,Power Failure
2224,Power Failure
2225,Power Failure
2226,Power Failure
2227,Power Failure
2228,Power Failure
2229,Power Failure
2230,Power Failure
2231,Power Failure
2232,Power Failure
2233,Power Failure
2234,Power Failure
2235,Power Failure
2236,Power Failure
2237,Power Failure
2238,Power Failure
2239,Power Failure
2240,Power Failure
2241,Power Failure
2242,Power Failure
2243,Power Failure
2244,Power Failure
2245,Power Failure
2246,Power Failure
2247,Power Failure
2248,Power Failure
2249,Power Failure
2250,Power Failure
2251,Power Failure
2252,Power Failure
2253,Power Failure
2254,Power Failure
2255,Power Failure
2256,Power Failure
2257,Power Failure
2258,Power Failure
2259,Power Failure
2260,Power Failure
2261,Power Failure
2262,Power Failure
2263,Power Failure
2264,Power Failure
2265,Power Failure
2266,Power Failure
2267,Power Failure
2268,Power Failure
2269,Power Failure
2270,Power Failure
2271,Power Failure
2272,Power Failure
2273,Power Failure
2274,Power Failure
2275,Power Failure
2276,Power Failure
2277,Power Failure
2278,Power Failure
2279,Power Failure
2280,Power Failure
2281,Power Failure
2282,Power Failure
2283,Power Failure
2284,Power Failure
2285,Power Failure
2286,Power Failure
2287,Power Failure
2288,Power Failure
2289,Power Failure
2290,Power Failure
2291,Power Failure
2292,Power Failure
2293,Power Failure
2294,Power Failure
2295,Power Failure
2296,Power Failure
2297,Power Failure
2298,Power Failure
2299,Power Failure
2300,Power Failure
2301,Power Failure
2302,Power Failure
2303,Power Failure
2304,Power Failure
2305,Power Failure
2306,Power Failure
2307,Power Failure
2308,Power Failure
2309,Power Failure
2310,Power Failure
2311,Power Failure
2312,Power Failure
2313,Power Failure
2314,Power Failure
2315,Power Failure
2316,Power Failure
2317,Power Failure
2318,Power Failure
2319,Power Failure
2320,Power Failure
2321,Power Failure
2322,Power Failure
2323,Power Failure
2324,Power Failure
2325,Power Failure
2326,Power Failure
2327,Power Failure
2328,Power Failure
2329,Power Failure
2330,Power Failure
2331,Power Failure
2332,Power Failure
2333,Power Failure
2334,Power Failure
2335,Power Failure
2336,Power Failure
2337,Power Failure
2338,Power Failure
2339,Power Failure
2340,Power Failure
2341,Power Failure
2342,Power Failure
2343,Power Failure
2344,Power Failure
2345,Power Failure
2346,Power Failure
2347,Power Failure
2348,Power Failure
2349,Power Failure
2350,Power Failure
2351,Power Failure
2352,Power Failure
2353,Power Failure
2354,Power Failure
2355,Power Failure
2356,Power Failure
2357,Power Failure
2358,Power Failure
2359,Power Failure
2360,Power Failure
2361,Power Failure
2362,Power Failure
2363,Power Failure
2364,Power Failure
2365,Power Failure
2366,Power Failure
2367,Power Failure
2368,Power Failure
2369,Power Failure
2370,Power Failure
2371,Power Failure
2372,Power Failure
2373,Power Failure
2374,Power Failure
2375,Power Failure
2376,Power Failure
2377,Power Failure
2378,Power Failure
2379,Power Failure
2380,Power Failure
2381,Power Failure
2382,Power Failure
2383,Power Failure
2384,Power Failure
2385,Power Failure
2386,Power Failure
2387,Power Failure
2388,Power Failure
2389,Power Failure
2390,Power Failure
2391,Power Failure
2392,Power Failure
2393,Power Failure
2394,Power Failure
2395,Power Failure
2396,Power Failure
2397,Power Failure
2398,Power Failure
2399,Power Failure
2400,Power Failure
2401,Power Failure
2402,Power Failure
2403,Power Failure
2404,Power Failure
2405,Power Failure
2406,Power Failure
2407,Power Failure
2408,Power Failure
2409,Power Failure
2410,Power Failure
2411,Power Failure
2412,Power Failure
2413,Power Failure
2414,Power Failure
2415,Power Failure
2416,Power Failure
2417,Power Failure
2418,Power Failure
2419,Power Failure
2420,Power Failure
2421,Power Failure
2422,Power Failure
2423,Power Failure
2424,Power Failure
2425,Power Failure
2426,Power Failure
2427,Power Failure
2428,Power Failure
2429,Power Failure
2430,Power Failure
2431,Power Failure
2432,Power Failure
2433,Power Failure
2434,Power Failure
2435,Power Failure
2436,Power Failure
2437,Power Failure
2438,Power Failure
2439,Power Failure
2440,Power Failure
2441,Power Failure
2442,Power Failure
2443,Power Failure
2444,Power Failure
2445,Power Failure
2446,Power Failure
2447,Power Failure
2448,Power Failure
2449,Power Failure
2450,Power Failure
2451,Power Failure
2452,Power Failure
2453,Power Failure
2454,Power Failure
2455,Power Failure
2456,Power Failure
2457,Power Failure
2458,Power Failure
2459,Power Failure
2460,Power Failure
2461,Power Failure
2462,Power Failure
2463,Power Failure
2464,Power Failure
2465,Power Failure
2466,Power Failure
2467,Power Failure
2468,Power Failure
2469,Power Failure
2470,Power Failure
2471,Power Failure
2472,Power Failure
2473,Power Failure
2474,Power Failure
2475,Power Failure
2476,Power Failure
2477,Power Failure
2478,Power Failure
2479,Power Failure
2480,Power Failure
2481,Power Failure
2482,Power Failure
2483,Power Failure
2484,Power Failure
2485,Power Failure
2486,Power Failure
2487,Power Failure
2488,Power Failure
2489,Power Failure
2490,Power Failure
2491,Power Failure
2492,Power Failure
2493,Power Failure
2494,Power Failure
2495,Power Failure
2496,Power Failure
2497,Power Failure
2498,Power Failure
2499,Power Failure
2500,Power Failure
2501,Power Failure
2502,Power Failure
2503,Power Failure
2504,Power Failure
2505,Power Failure
2506,Power Failure
2507,Power Failure
2508,Power Failure
2509,Power Failure
2510,Power Failure
2511,Power Failure
2512,Power Failure
2513,Power Failure
2514,Power Failure
2515,Power Failure
2516,Power Failure
2517,Power Failure
2518,Power Failure
2519,Power Failure
2520,Power Failure
2521,Power Failure
2522,Power Failure
2523,Power Failure
2524,Power Failure
2525,Power Failure
2526,Power Failure
2527,Power Failure
2528,Power Failure
2529,Power Failure
2530,Power Failure
2531,Power Failure
2532,Power Failure
2533,Power Failure
2534,Power Failure
2535,Power Failure
2536,Power Failure
2537,Power Failure
2538,Power Failure
2539,Power Failure
2540,Power Failure
2541,Power Failure
2542,Power Failure
2543,Power Failure
2544,Power Failure
2545,Power Failure
2546,Power Failure
2547,Power Failure
2548,Power Failure
2549,Power Failure
2550,Power Failure
2551,Power Failure
2552,Power Failure
2553,Power Failure
2554,Power Failure
2555,Power Failure
2556,Power Failure
2557,Power Failure
2558,Power Failure
2559,Power Failure
2560,Power Failure
2561,Power Failure
2562,Power Failure
2563,Power Failure
2564,Power Failure
2565,Power Failure
2566,Power Failure
2567,Power Failure
2568,Power Failure
2569,Power Failure
2570,Power Failure
2571,Power Failure
2572,Power Failure
2573,Power Failure
2574,Power Failure
2575,Power Failure
2576,Power Failure
2577,Power Failure
2578,Power Failure
2579,Power Failure
2580,Power Failure
2581,Power Failure
2582,Power Failure
2583,Power Failure
2584,Power Failure
2585,Power Failure
2586,Power Failure
2587,Power Failure
2588,Power Failure
2589,Power Failure
2590,Power Failure
2591,Power Failure
2592,Power Failure
2593,Power Failure
2594,Power Failure
2595,Power Failure
2596,Power Failure
2597,Power Failure
2598,Power Failure
2599,Power Failure
2600,Power Failure
2601,Power Failure
2602,Power Failure
2603,Power Failure
2604,Power Failure
2605,Power Failure
2606,Power Failure
2607,Power Failure
2608,Power Failure
2609,Power Failure
2610,Power Failure
2611,Power Failure
2612,Power Failure
2613,Power Failure
2614,Power Failure
2615,Power Failure
2616,Power Failure
2617,Power Failure
2618,Power Failure
2619,Power Failure
2620,Power Failure
2621,Power Failure
2622,Power Failure
2623,Power Failure
2624,Power Failure
2625,Power Failure
2626,Power Failure
2627,Power Failure
2628,Power Failure
2629,Power Failure
2630,Power Failure
2631,Power Failure
2632,Power Failure
2633,Power Failure
2634,Power Failure
2635,Power Failure
2636,Power Failure
2637,Power Failure
2638,Power Failure
2639,Power Failure
2640,Power Failure
2641,Power Failure
2642,Power Failure
2643,Power Failure
2644,Power Failure
2645,Power Failure
2646,Power Failure
2647,Power Failure
2648,Power Failure
2649,Power Failure
2650,Power Failure
2651,Power Failure
2652,Power Failure
2653,Power Failure
2654,Power Failure
2655,Power Failure
2656,Power Failure
2657,Power Failure
2658,Power Failure
2659,Power Failure
2660,Power Failure
2661,Power Failure
2662,Power Failure
2663,Power Failure
2664,Power Failure
2665,Power Failure
2666,Power Failure
2667,Power Failure
2668,Power Failure
2669,Power Failure
2670,Power Failure
2671,Power Failure
2672,Power Failure
2673,Power Failure
2674,Power Failure
2675,Power Failure
2676,Power Failure
2677,Power Failure
2678,Power Failure
2679,Power Failure
2680,Power Failure
2681,Power Failure
2682,Power Failure
2683,Power Failure
2684,Power Failure
2685,Power Failure
2686,Power Failure
2687,Power Failure
2688,Power Failure
2689,Power Failure
2690,Power Failure
2691,Power Failure
2692,Power Failure
2693,Power Failure
2694,Power Failure
2695,Power Failure
2696,Power Failure
2697,Power Failure
2698,Power Failure
2699,Power Failure
2700,Power Failure
2701,Power Failure
2702,Power Failure
2703,Power Failure
2704,Power Failure
2705,Power Failure
2706,Power Failure
2707,Power Failure
2708,Power Failure
2709,Power Failure
2710,Power Failure
2711,Power Failure
2712,Power Failure
2713,Power Failure
2714,Power Failure
2715,Power Failure
2716,Power Failure
2717,Power Failure
2718,Power Failure
2719,Power Failure
2720,Power Failure
2721,Power Failure
2722,Power Failure
2723,Power Failure
2724,Power Failure
2725,Power Failure
2726,Power Failure
2727,Power Failure
2728,Power Failure
2729,Power Failure
2730,Power Failure
2731,Power Failure
2732,Power Failure
2733,Power Failure
2734,Power Failure
2735,Power Failure
2736,Power Failure
2737,Power Failure
2738,Power Failure
2739,Power Failure
2740,Power Failure
2741,Power Failure
2742,Power Failure
2743,Power Failure
2744,Power Failure
2745,Power Failure
2746,Power Failure
2747,Power Failure
2748,Power Failure
2749,Power Failure
2750,Power Failure
2751,Power Failure
2752,Power Failure
2753,Power Failure
2754,Power Failure
2755,Power Failure
2756,Power Failure
2757,Power Failure
2758,Power Failure
2759,Power Failure
2760,Power Failure
2761,Power Failure
2762,Power Failure
2763,Power Failure
2764,Power Failure
2765,Power Failure
2766,Power Failure
2767,Power Failure
2768,Power Failure
2769,Power Failure
2770,Power Failure
2771,Power Failure
2772,Power Failure
2773,Power Failure
2774,Power Failure
2775,Power Failure
2776,Power Failure
2777,Power Failure
2778,Power Failure
2779,Power Failure
2780,Power Failure
2781,Power Failure
2782,Power Failure
2783,Power Failure
2784,Power Failure
2785,Power Failure
2786,Power Failure
2787,Power Failure
2788,Power Failure
2789,Power Failure
2790,Power Failure
2791,Power Failure
2792,Power Failure
2793,Power Failure
2794,Power Failure
2795,Power Failure
2796,Power Failure
2797,Power Failure
2798,Power Failure
2799,Power Failure
2800,Power Failure
2801,Power Failure
2802,Power Failure
2803,Power Failure
2804,Power Failure
2805,Power Failure
2806,Power Failure
2807,Power Failure
2808,Power Failure
2809,Power Failure
2810,Power Failure
2811,Power Failure
2812,Power Failure
2813,Power Failure
2814,Power Failure
2815,Power Failure
2816,Power Failure
2817,Power Failure
2818,Power Failure
2819,Power Failure
2820,Power Failure
2821,Power Failure
2822,Power Failure
2823,Power Failure
2824,Power Failure
2825,Power Failure
2826,Power Failure
2827,Power Failure
2828,Power Failure
2829,Power Failure
2830,Power Failure
2831,Power Failure
2832,Power Failure
2833,Power Failure
2834,Power Failure
2835,Power Failure
2836,Power Failure
2837,Power Failure
2838,Power Failure
2839,Power Failure
2840,Power Failure
2841,Power Failure
2842,Power Failure
2843,Power Failure
2844,Power Failure
2845,Power Failure
2846,Power Failure
2847,Power Failure
2848,Power Failure
2849,Power Failure
2850,Power Failure
2851,Power Failure
2852,Power Failure
2853,Power Failure
2854,Power Failure
2855,Power Failure
2856,Power Failure
2857,Power Failure
2858,Power Failure
2859,Power Failure
2860,Power Failure
2861,Power Failure
2862,Power Failure
2863,Power Failure
2864,Power Failure
2865,Power Failure
2866,Power Failure
2867,Power Failure
2868,Power Failure
2869,Power Failure
2870,Power Failure
2871,Power Failure
2872,Power Failure
2873,Power Failure
2874,Power Failure
2875,Power Failure
2876,Power Failure
2877,Power Failure
2878,Power Failure
2879,Power Failure
2880,Power Failure
2881,Power Failure
2882,Power Failure
2883,Power Failure
2884,Power Failure
2885,Power Failure
2886,Power Failure
2887,Power Failure
2888,Power Failure
2889,Power Failure
2890,Power Failure
2891,Power Failure
2892,Power Failure
2893,Power Failure
2894,Power Failure
2895,Power Failure
2896,Power Failure
2897,Power Failure
2898,Power Failure
2899,Power Failure
2900,Power Failure
2901,Power Failure
2902,Power Failure
2903,Power Failure
2904,Power Failure
2905,Power Failure
2906,Power Failure
2907,Power Failure
2908,Power Failure
2909,Power Failure
2910,Power Failure
2911,Power Failure
2912,Power Failure
2913,Power Failure
2914,Power Failure
2915,Power Failure
2916,Power Failure
2917,Power Failure
2918,Power Failure
2919,Power Failure
2920,Power Failure
2921,Power Failure
2922,Power Failure
2923,Power Failure
2924,Power Failure
2925,Power Failure
2926,Power Failure
2927,Power Failure
2928,Power Failure
2929,Power Failure
2930,Power Failure
2931,Power Failure
2932,Power Failure
2933,Power Failure
2934,Power Failure
2935,Power Failure
2936,Power Failure
2937,Power Failure
2938,Power Failure
2939,Power Failure
2940,Power Failure
2941,Power Failure
2942,Power Failure
2943,Power Failure
2944,Power Failure
2945,Power Failure
2946,Power Failure
2947,Power Failure
2948,Power Failure
2949,Power Failure
2950,Power Failure
2951,Power Failure
2952,Power Failure
2953,Power Failure
2954,Power Failure
2955,Power Failure
2956,Power Failure
2957,Power Failure
2958,Power Failure
2959,Power Failure
2960,Power Failure
2961,Power Failure
2962,Power Failure
2963,Power Failure
2964,Power Failure
2965,Power Failure
2966,Power Failure
2967,Power Failure
2968,Power Failure
2969,Power Failure
2970,Power Failure
2971,Power Failure
2972,Power Failure
2973,Power Failure
2974,Power Failure
2975,Power Failure
2976,Power Failure
2977,Power Failure
2978,Power Failure
2979,Power Failure
2980,Power Failure
2981,Power Failure
2982,Power Failure
2983,Power Failure
2984,Power Failure
2985,Power Failure
2986,Power Failure
2987,Power Failure
2988,Power Failure
2989,Power Failure
2990,Power Failure
2991,Power Failure
2992,Power Failure
2993,Power Failure
2994,Power Failure
2995,Power Failure
2996,Power Failure
2997,Power Failure
2998,Power Failure
2999,Power Failure
3000,Power Failure
3001,Power Failure
3002,Power Failure
3003,Power Failure
3004,Power Failure
3005,Power Failure
3006,Power Failure
3007,Power Failure
3008,Power Failure
3009,Power Failure
3010,Power Failure
3011,Power Failure
3012,Power Failure
3013,Power Failure
3014,Power Failure
3015,Power Failure
3016,Power Failure
3017,Power Failure
3018,Power Failure
3019,Power Failure
3020,Power Failure
3021,Power Failure
3022,Power Failure
3023,Power Failure
3024,Power Failure
3025,Power Failure
3026,Power Failure
3027,Power Failure
3028,Power Failure
3029,Power Failure
3030,Power Failure
3031,Power Failure
3032,Power Failure
3033,Power Failure
3034,Power Failure
3035,Power Failure
3036,Power Failure
3037,Power Failure
3038,Power Failure
3039,Power Failure
3040,Power Failure
3041,Power Failure
3042,Power Failure
3043,Power Failure
3044,Power Failure
3045,Power Failure
3046,Power Failure
3047,Power Failure
3048,Power Failure
3049,Power Failure
3050,Power Failure
3051,Power Failure
3052,Power Failure
3053,Power Failure
3054,Power Failure
3055,Power Failure
3056,Power Failure
3057,Power Failure
3058,Power Failure
3059,Power Failure
3060,Power Failure
3061,Power Failure
3062,Power Failure
3063,Power Failure
3064,Power Failure
3065,Power Failure
3066,Power Failure
3067,Power Failure
3068,Power Failure
3069,Power Failure
3070,Power Failure
3071,Power Failure
3072,Power Failure
3073,Power Failure
3074,Power Failure
3075,Power Failure
3076,Power Failure
3077,Power Failure
3078,Power Failure
3079,Power Failure
3080,Power Failure
3081,Power Failure
3082,Power Failure
3083,Power Failure
3084,Power Failure
3085,Power Failure
3086,Power Failure
3087,Power Failure
3088,Power Failure
3089,Power Failure
3090,Power Failure
3091,Power Failure
3092,Power Failure
3093,Power Failure
3094,Power Failure
3095,Power Failure
3096,Power Failure
3097,Power Failure
3098,Power Failure
3099,Power Failure
3100,Power Failure
3101,Power Failure
3102,Power Failure
3103,Power Failure
3104,Power Failure
3105,Power Failure
3106,Power Failure
3107,Power Failure
3108,Power Failure
3109,Power Failure
3110,Power Failure
3111,Power Failure
3112,Power Failure
3113,Power Failure
3114,Power Failure
3115,Power Failure
3116,Power Failure
3117,Power Failure
3118,Power Failure
3119,Power Failure
3120,Power Failure
3121,Power Failure
3122,Power Failure
3123,Power Failure
3124,Power Failure
3125,Power Failure
3126,Power Failure
3127,Power Failure
3128,Power Failure
3129,Power Failure
3130,Power Failure
3131,Power Failure
3132,Power Failure
3133,Power Failure
3134,Power Failure
3135,Power Failure
3136,Power Failure
3137,Power Failure
3138,Power Failure
3139,Power Failure
3140,Power Failure
3141,Power Failure
3142,Power Failure
3143,Power Failure
3144,Power Failure
3145,Power Failure
3146,Power Failure
3147,Power Failure
3148,Power Failure
3149,Power Failure
3150,Power Failure
3151,Power Failure
3152,Power Failure
3153,Power Failure
3154,Power Failure
3155,Power Failure
3156,Power Failure
3157,Power Failure
3158,Power Failure
3159,Power Failure
3160,Power Failure
3161,Power Failure
3162,Power Failure
3163,Power Failure
3164,Power Failure
3165,Power Failure
3166,Power Failure
3167,Power Failure
3168,Power Failure
3169,Power Failure
3170,Power Failure
3171,Power Failure
3172,Power Failure
3173,Power Failure
3174,Power Failure
3175,Power Failure
3176,Power Failure
3177,Power Failure
3178,Power Failure
3179,Power Failure
3180,Power Failure
3181,Power Failure
3182,Power Failure
3183,Power Failure
3184,Power Failure
3185,Power Failure
3186,Power Failure
3187,Power Failure
3188,Power Failure
3189,Power Failure
3190,Power Failure
3191,Power Failure
3192,Power Failure
3193,Power Failure
3194,Power Failure
3195,Power Failure
3196,Power Failure
3197,Power Failure
3198,Power Failure
3199,Power Failure
3200,Power Failure
3201,Power Failure
3202,Power Failure
3203,Power Failure
3204,Power Failure
3205,Power Failure
3206,Power Failure
3207,Power Failure
3208,Power Failure
3209,Power Failure
3210,Power Failure
3211,Power Failure
3212,Power Failure
3213,Power Failure
3214,Power Failure
3215,Power Failure
3216,Power Failure
3217,Power Failure
3218,Power Failure
3219,Power Failure
3220,Power Failure
3221,Power Failure
3222,Power Failure
3223,Power Failure
3224,Power Failure
3225,Power Failure
3226,Power Failure
3227,Power Failure
3228,Power Failure
3229,Power Failure
3230,Power Failure
3231,Power Failure
3232,Power Failure
3233,Power Failure
3234,Power Failure
3235,Power Failure
3236,Power Failure
3237,Power Failure
3238,Power Failure
3239,Power Failure
3240,Power Failure
3241,Power Failure
3242,Power Failure
3243,Power Failure
3244,Power Failure
3245,Power Failure
3246,Power Failure
3247,Power Failure
3248,Power Failure
3249,Power Failure
3250,Power Failure
3251,Power Failure
3252,Power Failure
3253,Power Failure
3254,Power Failure
3255,Power Failure
3256,Power Failure
3257,Power Failure
3258,Power Failure
3259,Power Failure
3260,Power Failure
3261,Power Failure
3262,Power Failure
3263,Power Failure
3264,Power Failure
3265,Power Failure
3266,Power Failure
3267,Power Failure
3268,Power Failure
3269,Power Failure
3270,Power Failure
3271,Power Failure
3272,Power Failure
3273,Power Failure
3274,Power Failure
3275,Power Failure
3276,Power Failure
3277,Power Failure
3278,Power Failure
3279,Power Failure
3280,Power Failure
3281,Power Failure
3282,Power Failure
3283,Power Failure
3284,Power Failure
3285,Power Failure
3286,Power Failure
3287,Power Failure
3288,Power Failure
3289,Power Failure
3290,Power Failure
3291,Power Failure
3292,Power Failure
3293,Power Failure
3294,Power Failure
3295,Power Failure
3296,Power Failure
3297,Power Failure
3298,Power Failure
3299,Power Failure
3300,Power Failure
3301,Power Failure
3302,Power Failure
3303,Power Failure
3304,Power Failure
3305,Power Failure
3306,Power Failure
3307,Power Failure
3308,Power Failure
3309,Power Failure
3310,Power Failure
3311,Power Failure
3312,Power Failure
3313,Power Failure
3314,Power Failure
3315,Power Failure
3316,Power Failure
3317,Power Failure
3318,Power Failure
3319,Power Failure
3320,Power Failure
3321,Power Failure
3322,Power Failure
3323,Power Failure
3324,Power Failure
3325,Power Failure
3326,Power Failure
3327,Power Failure
3328,Power Failure
3329,Power Failure
3330,Power Failure
3331,Power Failure
3332,Power Failure
